{"current":{"customer_layout":"theme","bg_color":"#ffffff","text_color":"#2c2f2f","title_text_color":"#2c2f2f","accent_text_color":"#999999","link_color":"#a2d400","link_hover":"#a2d400","title_color":"#2c2f2f","title_hover":"#a2d400","header_text_color":"#2c2f2f","header_link_color":"#a2d400","header_link_hover":"#a2d400","nav_link_color":"#2c2f2f","nav_link_hover":"#2c2f2f","overview_bg_color":"#f2f2f2","overview_border_color":"#dedbdb","overview_text_color":"#2c2f2f","overview_title_text_color":"#2c2f2f","overview_link_color":"#a2d400","overview_link_hover":"#a2d400","footer_text_color":"#2c2f2f","footer_link_color":"#2c2f2f","footer_link_hover":"#2c2f2f","search_btn_text_color":"#ffffff","search_btn_hover_color":"#ffffff","search_btn_bg_color":"#9ebf2a","search_btn_bg_hover":"#94b228","phone":"555.555.555","email":"info@fakedomain.com","showcase":"The chic chair that's perfect for entertaining.","related":"Take a look at these great accessories:","notes":"Tell us about any special instructions:","customer_login_link_text":"Log in","customer_register_link_text":"Create an account","customer_logout_link_text":"Logout","customer_account_link_text":"My Account","homepage_buy_button_text":"BUY THIS","product_page_buy_button_text":"BUY THIS","checkout_button_text":"CHECKOUT","update_button_text":"UPDATE","comment_submit_button_text":"SUBMIT","newsletter_heading":"Newsletter","newsletter_first_name_label":"First name...","newsletter_last_name_label":"Last name...","newsletter_email_label":"Email...","newsletter_submit":"SUBSCRIBE","newsletter_action":"","newsletter_email":"EMAIL","newsletter_first_name":"FNAME","newsletter_last_name":"LNAME","logo":"disabled","bg_image":"disabled","bg_repeat":"repeat","bg_position":"0 0","bg_attachment":"scroll","typography":"Helvetica, Arial, sans-serif","newsletter":"enabled","atom":"","show_sidebar":false,"show_product_slider":true,"homepage_is_product_page":true,"disable_blog":false,"shop_bg_color":"#ffffff","toolbar_bg_color":"#000000","toolbar_text_color":"#bbbbbb","body_font_color":"#555555","header_color":"#333333","shop_btn_color":"#f45b4f","border_color":"#dddddd","footer_linklist_title":"Quick Links","footer_blog_post_header":"Latest news","mailing_list_form_action":"","base_font":"Google+Arvo","header_font":"Google+Arvo","pagination_limit":"24","use_logo":"false","enable_featuredproduct":"false","enable_product_image_zoom":"false","display_quantity_dropdown":"false","show_related_products":"true","collection_tags":"true","footer_display_newsletter":"false","accept_visa":"false","accept_mastercard":"false","accept_amex":"false","accept_cirrus":"false","accept_delta":"false","accept_discover":"false","accept_westernunion":"false","accept_paypal":"false","accept_google":"false","icon_cart":"none","slide_2_link":"/collections/all","slide_2":"false","slide_3":"false","slide_4":"false","frontpage_collection":"frontpage","product_slider_collection":"all-products"},"presets":{"Slate":{"use_logo":false,"customer_layout":"theme"}}}